News Titles,Topic,Topic_Name
Bitcoin Spot ETFs Register Five-Day Withdrawals Streak Ahead of Halving,1,Technology
Why Altcoins Were Sliding Again Today,1,Technology
The tweak that made the forced divestment of TikTok much more likely,0,Venture Investment
"Procter & Gamble Tops Wall Street Forecasts on Profit, but Disappoints on Sales in Q3",2,Financial Assets
Stock market today: Indexes edge lower as investors assess Israel's strike on Iran,0,Venture Investment
Wall Street doesn't seem too keen on a potential Salesforce-Informatica pairing,1,Technology
Green Bitcoin Mining – A Strategic Path Forward in Diverse Regulatory Landscapes,0,Venture Investment
Why Nvidia Stock Plunged 10% Today,1,Technology
Trump media shares gain as it suggests 'potential market manipulation',0,Venture Investment
What Trump is signaling with his possible Treasury and Fed picks,0,Venture Investment
Can you lose money in a high-yield savings account?,2,Financial Assets
How to sell a house fast,1,Technology
Trump Media is trying to make it super hard to short its stock,0,Venture Investment
Q4 Earnings Highs And Lows: Sleep Number (NASDAQ:SNBR) Vs The Rest Of The Home Furniture Retailer Stocks,2,Financial Assets
"Bitcoin slides below $60,000 on reports Israel strikes Iran",1,Technology
'We are in a crisis now:' Childcare costs outpace inflation,0,Venture Investment
"Worldcoin, Sam Altman’s eye-scanning crypto project, announces its own blockchain",2,Financial Assets
"Stock market today: Tech stocks smoked, Nvidia tumbles 10% to cap worst week of the year",1,Technology
Morning Bid: Recoiling oil and dollar sow calm as tech earnings loom,2,Financial Assets
What went wrong with US inflation,0,Venture Investment
"Bitcoin ETFs Are Driving a Spot Multiplier Effect, Canaccord Says",2,Financial Assets
Forget Nvidia: These Are the 3 Tech Stocks Billionaires Can't Stop Buying,1,Technology
Here’s who will pay for Biden’s student loan cancellations,1,Technology
Mango Markets Exploiter Convicted of Fraud and Manipulation Over $110M Heist,2,Financial Assets
"Mortgage rates today, April 18, 2024: Rates cross 7% mark",0,Venture Investment
Here's How to Avoid 4 Terrible Mistakes I've Repeatedly Made in Cryptocurrency Investing,1,Technology
Fed’s Bostic Reiterates Rate Cut Is Not Likely Until End of Year,0,Venture Investment
History Says the Nasdaq Will Continue to Soar in 2024: My Top 5 Artificial Intelligence (AI) Growth Stocks to Buy Before the Surge Continues,1,Technology
Prediction: This Artificial Intelligence (AI) Stock Could Be Worth More Than Microsoft 5 Years From Now,1,Technology
Ether Prices in Downtrend as Bitcoin Challenges $64K,2,Financial Assets
Why American Express Stock Is Charging Higher Today,1,Technology
Bank of America CEO: The Federal Reserve is winning the war on inflation,0,Venture Investment
New York Fed’s Williams Sees No Urgency to Cut Interest Rates,0,Venture Investment
Why Bitcoin's 'Monetary Maximalists' Oppose 'JPEG Enjoyers' (and Why They're Wrong),0,Venture Investment
Oil surges to highest level since October on escalating Middle East tensions,2,Financial Assets
Why Arm Holdings Stock Plunged Today,1,Technology
10 best free checking accounts of April 2024,2,Financial Assets
US quarterly earnings to feature big growth in tech-related companies,2,Financial Assets
Reflecting On Shelf-Stable Food Stocks’ Q4 Earnings: Utz (NYSE:UTZ),1,Technology
Why Netflix Stock Slumped Today,1,Technology
"LVMH, L’Oreal Face China Pain: EMEA Earnings Week Ahead",1,Technology
Is Microsoft a Top Stock for Quantum Computing Right Now?,1,Technology
"Stock market today: Dow snaps 6-day losing streak, Powell warns on inflation",1,Technology
IMF Sees OPEC+ Oil Output Lift From July in Saudi Economic Boost,0,Venture Investment
"Algos Extend Oil’s Selloff, Dragging Futures to Three-Week Low",0,Venture Investment
This Is Why Grant Cardone Is Selling The Beachfront Mansion He Bought From Tommy Hilfiger for Bitcoin,1,Technology
Asia Steps Up Currency Defense as Mideast Strife Roils Market,2,Financial Assets
Dollar Heads for Best Run in a Year as Fed Seen Delaying Cuts,0,Venture Investment
What Migration Is Really Doing to Politics and Economies Worldwide,2,Financial Assets
Trump Media and Technology Group CEO letter to Nasdaq: Read Here,0,Venture Investment
"Meme-Coin, AI Tokens Lead Gains After Bitcoin Drop Causes $2B in Weekend Liquidations",0,Venture Investment
Spot Bitcoin ETFs Surge Ahead of Halving,1,Technology
"CarMax (NYSE:KMX) Reports Sales Below Analyst Estimates In Q1 Earnings, Stock Drops 12.6%",1,Technology
Fed policymakers agree: there's no urgency to cut rates,0,Venture Investment
Crypto Trader’s $110 Million Manipulation Case Now With Jury,2,Financial Assets
"Why Bitcoin, Ethereum, and Dogecoin Slipped Over the Weekend",0,Venture Investment
"Why Celsius Stock Had a Bad Week, Dropping 15%",1,Technology
Treasuries Stumble on Mere Mention of Fed Rate Hike by Williams,0,Venture Investment
J.B. Hunt posts big Q1 earnings miss,2,Financial Assets
"What is a credit union, and how do you join one?",2,Financial Assets
I bond vs. high-yield savings account: Which is better for beating inflation?,2,Financial Assets
Q4 Earnings Roundup: Fiverr (NYSE:FVRR) And The Rest Of The Gig Economy Segment,2,Financial Assets
Analyst updates Johnson & Johnson stock price target after earnings,1,Technology
Crypto PAC Spent Millions to Get Alabama Candidate on Path Toward Congress,0,Venture Investment
Stock Market Today: Stocks slide as Israel strike on Iran rattles markets,1,Technology
"Crypto Exchange OKX's Polygon-Powered Layer 2, 'X Layer,' Hits Public Mainnet",2,Financial Assets
Q4 Earnings Highs And Lows: Cushman & Wakefield (NYSE:CWK) Vs The Rest Of The Real Estate Services Stocks,2,Financial Assets
Morning Bid: Mideast flare-up spooks markets,2,Financial Assets
Bitcoin Back Above $62K as Crypto Market Calms After Reports of Limited Damage From Israeli Attack,2,Financial Assets
"Bitcoin Miners Optimistic Despite Underperformance, According to Bernstein Report",1,Technology
Why Tesla Stock Was Falling (Again) This Week,1,Technology
Marijuana Stocks Gain Momentum on Cannabis Reform Hopes,1,Technology
"Mortgage rates today, April 13, 2024: Rates hover near 7%",0,Venture Investment
68% of Warren Buffett's $372 Billion Portfolio Is Invested in Just 4 Stocks,1,Technology
3 Top Tech Stocks to Buy in April,1,Technology
Tesla's EV success made it 'Magnificent.' It could also be its downfall.,0,Venture Investment
Grant Cardone Sells Beachfront Mansion To Own More Bitcoin: Smart Move Or Big Mistake?,1,Technology
"Runes Protocol Launches on Bitcoin, Sending Fees Soaring as Users Rush to Mint Tokens",1,Technology
Is the Bitcoin Rally Over? Reasons to Stay Bullish on BTC Despite Correction,1,Technology
"BMO chief says US economy improving, calls California 'a strategically important market'",2,Financial Assets
Amazon CEO Andy Jassy says the benefits of AI 'will astound us all',0,Venture Investment
Profits surge at Goldman Sachs on Wall Street revival,1,Technology
"Mortgage rates today, April 16, 2024: It could be a good time to buy a house",1,Technology
"Mortgage rates today, April 15, 2024: Rates are lower than 6 months ago",0,Venture Investment
Missed the S&P 500 Bull Market Recovery? Here's What to Do Right Now.,2,Financial Assets
How to finance a tiny home,2,Financial Assets
"Warren Buffett Has Over $10 Billion Invested in 7 Stocks. Here's the Best Stock to Buy Right Now, According to Wall Street.",1,Technology
Need a new budgeting tool? Try one of these 5 Mint alternatives,2,Financial Assets
"The stock market can rise another 13% this year even with a dwindling rate-cut outlook, Fundstrat's Tom Lee says",0,Venture Investment
3 Artificial Intelligence Stocks With More Potential Than Any Cryptocurrency,1,Technology
US Stock Volatility Resurfaces With Tensions in the Middle East,0,Venture Investment
Q4 Earnings Roundup: Entegris (NASDAQ:ENTG) And The Rest Of The Semiconductor Manufacturing Segment,2,Financial Assets
Fed's rate-cut foot-dragging grates on global peers at IMF meetings,0,Venture Investment
Thailand and New Zealand vow to strengthen economic ties as they set lofty new trade goals,0,Venture Investment
Wall Street is souring on Tesla's pivot away from low-cost vehicles towards autonomous driving,2,Financial Assets
Student loan borrowers could see their ‘runaway interest’ erased in new debt relief plan,1,Technology
"VinFast Auto Stock Has 98% Upside, According to 1 Wall Street Analyst",1,Technology
This 6.4%-Yielding Dividend Stock Remains an Extremely Safe Option for Passive Income,2,Financial Assets
"Mester Says Fed Can Hold Rates Steady, Not In a Hurry to Cut",0,Venture Investment
Leaving Behind Bitcoin Sectarianism,2,Financial Assets
"VCs are pouring hundreds of millions of dollars into Bittensor, a little-known AI crypto project",1,Technology
Analysis-Ample oil supplies limit impact of MidEast flare-up on prices,2,Financial Assets
Big Tech will outperform in a high interest rate environment: Wall Street pros,1,Technology
"Wall St ends sharply lower on mixed earnings, sticky inflation, geopolitical fears",0,Venture Investment
BOE’s Mann Warns World Fragmentation Means More Inflation Shocks,0,Venture Investment
A Look Back at Leisure Products Stocks' Q4 Earnings: Johnson Outdoors (NASDAQ:JOUT) Vs The Rest Of The Pack,2,Financial Assets
"Israel's long-term credit rating is downgraded by S&P, 2nd major US agency to do so, citing conflict",2,Financial Assets
J&J CFO: We've 'beefed up' cardiovascular medical devices in hopes of reviving our medtech business,1,Technology
"Bitcoin Likely to Drop After the Halving, JPMorgan Says",0,Venture Investment
OKX 'OG' Execs Tim Byun and Wei Lan Leave Crypto Exchange,0,Venture Investment
Analyst Who Called Bitcoin's Pre-Halving Rally to $70K Turns Bearish,2,Financial Assets
State of Freight: How long will trucking market trough linger?,2,Financial Assets
Morning Bid: Markets unsettled by Israel-Iran tit-for-tat,2,Financial Assets
Gas prices: Why one US region will see 'stiff increases' this week,1,Technology
New Masters Apple Vision Pro app gives golf fans whole new way to experience the tournament,1,Technology
Jay Powell just made buying a home this spring even more challenging,0,Venture Investment
"Emerging Market Currencies, Stocks Fall on Geopolitical Risks",2,Financial Assets
Bitcoin Gains Momentum As ETF Funding Inflows Rise — Should You Ditch USD For Digital Gold?,0,Venture Investment
Fed’s Jefferson Sees Steady Fed Rate Helping to Push Down Inflation,0,Venture Investment
Troubled Borrowers Seen Fighting for Runway Without Fed Cuts,1,Technology
Justin Trudeau's government raises taxes on wealthiest Canadians in federal budget,0,Venture Investment
3 No-Brainer Stocks I'd Buy Right Now Without Hesitation,1,Technology
"Fed policy on hold because of 'stalled' progress on inflation, Goolsbee says",0,Venture Investment
Procter & Gamble Earnings: What To Look For From PG,2,Financial Assets
Bitcoin Miners Must Optimize to Survive,1,Technology
Biden gets Trumpy on trade,2,Financial Assets
Why stocks could still rise even as rate cut hopes fade,0,Venture Investment
Bitcoin’s halving will be over in a flash—but reaping the benefits could take months,0,Venture Investment
"Bitcoin First, Not Only: Fostering Widespread Adoption Through Education",2,Financial Assets
Here's Why This Smart Water Meter Company's Stock Surged 23% This Week,1,Technology
History Says the Nasdaq Will Soar in 2024. Here's the ETF to Buy Before That Happens.,1,Technology
Oil Swings as Risk-Off Mood Vies With Increased Iranian Threats,2,Financial Assets
"Should You Buy Bitcoin While It's Below $70,000?",1,Technology
Grant Cardone's Brother Lists His Florida Mansion for 242 Bitcoin,0,Venture Investment
AI's 'mad cow disease' problem tramples into earnings season,1,Technology
"Here's How Much Bitcoin You Need To Become a Millionaire, According To Michael Saylor",1,Technology
Should You Buy This Beaten-Down Stock?,1,Technology
"Forget Nvidia: 2 Super Semiconductor Stocks to Buy Hand Over Fist, According to Wall Street",1,Technology
Gold has been hitting record highs — why there's a bullish case for silver too,2,Financial Assets
Bitcoin’s Share of Crypto Market Highest Since 2021 Partly Due to ETFs,1,Technology
Crypto for Advisors: Bitcoin’s Supply Reduction,0,Venture Investment
Pop-Up Russian Oil Traders Emerge as US Tightens Sanctions,2,Financial Assets
"Ether, Bitcoin ETFs Topped Last Week's Best Performers",1,Technology
Tesla stock slides as Musk pushes deeper into robotaxis,1,Technology
Apple Just Posted Its Largest Single-Session Pop in Over 11 Months After Artificial Intelligence (AI) Update. Is the Magnificent Seven Stock Returning to Growth?,1,Technology
Antitrust fervor is gripping Washington and Silicon Valley. But lawsuits have been declining.,0,Venture Investment
Here's what to do with your retirement savings when markets are shaky,2,Financial Assets
"Trump’s Fundraising Shows Reliance on Oil Sector, Wealthy Donors",0,Venture Investment
Why EV and Renewable Energy Stocks Collapsed This Week,1,Technology
What happens to a bank account when somebody dies?,2,Financial Assets
"Barclays, BNP, Deutsche Bank Earnings Hinge on Trading, Rates",2,Financial Assets
Bitcoin Pioneer Hal Finney Posthumously Wins New Award Named for Him,0,Venture Investment
"For women who stay single, the pressure is higher to save more for retirement",1,Technology
A Look Back at Education Services Stocks' Q4 Earnings: Lincoln Educational (NASDAQ:LINC) Vs The Rest Of The Pack,2,Financial Assets
"Unpacking Q4 Earnings: Wyndham (NYSE:WH) In The Context Of Other Hotels, Resorts and Cruise Lines Stocks",1,Technology
Yellen says Iran's actions could cause global economic spillovers as White House vows new sanctions,0,Venture Investment
"Nasdaq, S&P tumble as Netflix, chip stocks drag; AmEx boosts Dow",0,Venture Investment
Q4 Earnings Highlights: Estée Lauder (NYSE:EL) Vs The Rest Of The Personal Care Stocks,2,Financial Assets
Q4 Earnings Highs And Lows: Frontdoor (NASDAQ:FTDR) Vs The Rest Of The Specialized Consumer Services Stocks,2,Financial Assets
Is Vertex Pharmaceuticals Stock a Millionaire Maker?,1,Technology
Tough trucking market hits EBITDA at TriumphPay; other indicators up,2,Financial Assets
How to open a bank account for someone else,2,Financial Assets
Stock market today: US indexes gain as traders try to break 4-day losing streak,1,Technology
USDA mortgage insurance: What it covers and how much you'll pay,0,Venture Investment
First Mover Americas: BTC Below $62.5K While Altcoins Wipe Gains,0,Venture Investment
Hedge Funds Sell Off Winning Energy Stocks to Buy Soaring Oil,1,Technology
What To Expect From Monarch’s (MCRI) Q1 Earnings,2,Financial Assets
"Aptos Strikes DeFi Partnership With Microsoft, Brevan Howard, SK Telecom",2,Financial Assets
This Bitcoin Halving Is Different. But Is It 'Priced In'?,1,Technology
Q4 Earnings Roundup: Wendy's (NASDAQ:WEN) And The Rest Of The Traditional Fast Food Segment,2,Financial Assets
How to teach kids about financial literacy — in a way they'll call 'fun',2,Financial Assets
"The Ultimate Cryptocurrency to Buy With $1,000 Today",1,Technology
Stock market today: 'Magnificent 7' power stock surge after CPI-fueled sell-off,1,Technology
"There Are Many Bitcoin Critics Left in Finance, Despite BlackRock's Newfound Love",2,Financial Assets
"Mortgage rates today, April 11, 2024: It could be a while before rates fall",0,Venture Investment
Why Super Micro Computer Stock Just Crashed 17%,1,Technology
Indian IT Firms’ Outlook Seen Brighter After TCS Earnings Beat,2,Financial Assets
Gold Declines as Traders Consider Odds for Later Fed Rate Cuts,0,Venture Investment
Why Forestar Group Stock Was Sinking This Week,1,Technology
Brazil's plans to drill for oil in the Amazon hit stiff Indigenous resistance,1,Technology
"Bitcoin Whales Bought $1.2B BTC Amid the Price Dip, Fueling the Quick Rebound",1,Technology
What Bitcoiners Are Saying About the Upcoming Bitcoin Halving,1,Technology
Venture capital interest in solar plummets amid uncertain financial markets: Mercom Capital,2,Financial Assets
Halving Unlikely to Unsettle Spot Bitcoin ETFs: Issuers,2,Financial Assets
"Bitcoin ATMs Flood Black, Latino Areas, Charging Fees up to 22%",1,Technology
Genuine Parts (GPC) Reports Q1: Everything You Need To Know Ahead Of Earnings,1,Technology
One of Wall Street's favorite calls to start 2024 has flopped,0,Venture Investment
"Stock market today: Stocks sink, yields jump after inflation data torpedoes rate-cut hopes",1,Technology
"3 No-Brainer Bank Stocks to Buy With $1,000 Right Now",1,Technology
Disney's 'million-dollar question' post-proxy fight: Who will succeed Bob Iger?,1,Technology
Stocks set to follow 'bumpier path' forward after stellar first quarter,0,Venture Investment
Q4 Earnings Outperformers: United Parks & Resorts (NYSE:PRKS) And The Rest Of The Leisure Facilities Stocks,2,Financial Assets
Bitcoin’s halving event is set for Friday or Saturday—why it’s hard to say exactly when,0,Venture Investment
Super Micro Computer Stock Tanked Friday. Is It Time to Sell?,1,Technology
Bitcoin Futures Market Sees $5.2B Drop as Leveraged Positions Get Flushed Out,0,Venture Investment
Where Biden's billions in chipmaking money have gone — and what could be next,1,Technology
Unpacking Q4 Earnings: Caesars Entertainment (NASDAQ:CZR) In The Context Of Other Casino Operator Stocks,1,Technology
"Stocks Fall As Geopolitics, Economic Worries Spook Investors, Chipmakers Sell Off, Bitcoin Tumbles To $60,000: What's Driving Markets Wednesday?",2,Financial Assets
Biden administration restricts oil and gas leasing in 13 million acres of Alaska's petroleum reserve,1,Technology
Kazakhstan’s Compensation Claims Against Kashagan Oil Firms Jump to $150 billion,2,Financial Assets
"Bitcoin Drops Below $65,000: Here's Why I'm Not Worried.",1,Technology
"Fed survey cites inflation, US election as key financial stability risks",2,Financial Assets
Why Hilltop Holdings Stock Is Up Today,1,Technology
Q4 Earnings Outperformers: Jamf (NASDAQ:JAMF) And The Rest Of The Automation Software Stocks,2,Financial Assets
Fed Chair Jerome Powell has an ‘unfriendly’ message for markets: You might not be getting any rate cuts this year,0,Venture Investment
Q4 Earnings Recap: Deckers (NYSE:DECK) Tops Footwear Stocks,1,Technology
"How to insure deposits over $250,000",1,Technology
1 Beaten-Down Growth Stock Down 38% to Buy Now in April,1,Technology
"Did You Get the Average $3,011 Tax Refund for Your 2023 Return? 3 No-Brainer Stocks to Buy Now",1,Technology
Hong Kong Bitcoin ETFs Likely Not Available for Mainland Chinese Investors: Bloomberg,0,Venture Investment
"IMF: Outlook for world economy is brighter, though still modest by historical standards",2,Financial Assets
Mark Zuckerberg overtakes Elon Musk as the world's 3rd-richest person as their companies' stocks go in opposite directions,2,Financial Assets
"Bitcoin Tumbles Below $60K, Ether Under $3K; Correction Not Over, Says Strategist",0,Venture Investment
Is Bitcoin a Millionaire Maker?,1,Technology
‘A million returns every hour’: Taxpayers race to file by midnight,2,Financial Assets
Why the 2024 stock market still looks like 2023: Morning Brief,2,Financial Assets
Bitcoin Halving In 3 Days: What To Expect From BTC This Week And In 2024,1,Technology
‘Mag Seven’ Power Stocks in Run-Up to US Earnings: Markets Wrap,2,Financial Assets
Fed's Powell: Elevated inflation will likely delay rate cuts this year,0,Venture Investment
"Economists Boost US GDP Forecasts, See Fed Rates Higher for Longer",2,Financial Assets
Why Texas has too much natural gas,1,Technology
Why Metropolitan Bank Holding Corp. Stock Is Up Big Today,1,Technology
"Adidas, Stepn partner on NFT sneakers",0,Venture Investment
Trading in Bullish Oil Options Hits Record After Iran’s Attack,2,Financial Assets
L’Oreal Gains Cap Third Week of Declines for European Stocks,1,Technology
"Inflation Expectations Flag Fed Hike Risk, Piper Sandler Says",0,Venture Investment
Trump’s campaign is going the way of his media company,0,Venture Investment
"Ulta stock downturn is simply 'normalizing,' analyst says",1,Technology
Q4 Earnings Outperformers: IPG Photonics (NASDAQ:IPGP) And The Rest Of The Semiconductor Manufacturing Stocks,2,Financial Assets
"Mortgage rates today, April 14, 2024: Don't expect lower rates until autumn",0,Venture Investment
European Gas Erases Gains as Market Weighs Strike on Iran,1,Technology
Unpacking Q4 Earnings: Smartsheet (NYSE:SMAR) In The Context Of Other Project Management Software Stocks,1,Technology
"2 Popular Artificial Intelligence (AI) Stocks to Sell Before They Drop 29% and 77%, According to Certain Wall Street Analysts",1,Technology
"Bitcoin is a “Decentralized Ponzi Scheme,” JP Morgan CEO Jamie Dimon Reiterates Negative Stance",0,Venture Investment
IMF expects central banks to cut rates in second half of 2024 as inflation falls,0,Venture Investment
QCP and Further Ventures Announce Partnership for Middle East Crypto Expansion,2,Financial Assets
IRS Unveils Form Your Broker May Send Next Year to Report Your Crypto Moves,1,Technology
Fed's Bostic: open to a rate hike if inflation progress stalls,0,Venture Investment
2 Fed officials urge patience before any interest rate cuts,0,Venture Investment
Skittish Oil Market Enters an Uneasy Calm Over Middle East Risk,2,Financial Assets
Mortgage rates surpass 7% while home prices show no signs of declining,0,Venture Investment
"If You Invested $1,000 in Bitcoin in 2013, Here's How Much You'd Have Now",1,Technology
Federal funds rate: What it is and how it affects you,0,Venture Investment
Why Wall Street is balking at Netflix's decision to stop sharing subscriber data,0,Venture Investment
"Evercore strategists back dour S&P 500 view, expect weaker earnings outlook",2,Financial Assets
Can you gift a certificate of deposit?,1,Technology
Boeing faces rising pressure in Washington as whistleblower testifies,0,Venture Investment
"Immigration, productivity, inflation: Why finding the pandemic’s ‘missing women’ could be the solution to almost every challenge facing the U.S. economy today",0,Venture Investment
"UK to Issue New Crypto, Stablecoin Legislation by July, Minister Says",1,Technology
"Luxury homes are more expensive than ever, and the market is doing better than you’d think",0,Venture Investment
High rates haven't always been a problem for stocks,1,Technology
Why Has Bitcoin Fallen?,2,Financial Assets
Missed Out on Amazon Stock? 1 Spectacular Growth Stock to Buy Instead,1,Technology
Q4 Earnings Outperformers: Six Flags (NYSE:SIX) And The Rest Of The Leisure Facilities Stocks,2,Financial Assets
How to Choose the Best Spot Bitcoin ETF,2,Financial Assets
Q4 Earnings Highlights: Hasbro (NASDAQ:HAS) Vs The Rest Of The Toys and Electronics Stocks,2,Financial Assets
"Stocks end near flat as investors assess earnings, data",0,Venture Investment
4 Stocks to Bet on as Crypto Space Looks Poised to Regain Pace,2,Financial Assets
"Single women are scraping by: Held down by the wage gap and inflation, they struggle to build wealth or emergency savings",0,Venture Investment
Bitcoin Miners Are Set for a Coiled Spring Rally,0,Venture Investment
"Lovesac (NASDAQ:LOVE) Reports Sales Below Analyst Estimates In Q4 Earnings, Stock Drops 18.6%",1,Technology
Worsening US debt outlook seen more in gold and bitcoin than in bonds,2,Financial Assets
Q4 Earnings Roundup: KLA Corporation (NASDAQ:KLAC) And The Rest Of The Semiconductor Manufacturing Segment,2,Financial Assets
United expects stronger quarterly earnings; cuts aircraft delivery estimates,0,Venture Investment
Bitcoin struggles to regain momentum after weekend wipeout erased more than 10%,1,Technology
What is a callable CD?,0,Venture Investment
Short sellers recoup losses as rally in US stocks loses steam,1,Technology
"Bridgewater Adds China Stocks, Bonds After 6.4% Gain This Year",0,Venture Investment
Bitcoin Dominance Increases as Halving Nears and BTC Price Lingers Near $61K,2,Financial Assets
Stocks vs. ETFs: Which should you invest in?,1,Technology
Treasuries Hit as Hawkish Fed Views Keep Piling Up: Markets Wrap,2,Financial Assets
Fed's Williams and Bostic don't see any 'urgency' or 'mad-dash hurry' to cut rates,0,Venture Investment
Layer N Launches Liquidity Program for DeFi Apps Supported by Peter Thiel’s Founders Fund,1,Technology
"S&P 500, Nasdaq end sharply higher on soft inflation data, eyes on earnings",0,Venture Investment
Unpacking Q4 Earnings: Photronics (NASDAQ:PLAB) In The Context Of Other Semiconductor Manufacturing Stocks,1,Technology
"Saudi Arabia Needs Oil Price Near $100, IMF Says",2,Financial Assets
'We've evolved': Netflix explains decision to stop reporting crucial subscriber data,1,Technology
Top Emerging Market Bond Rally Tested in Deja Vu Ecuador Vote,2,Financial Assets
"If You Think Artificial Intelligence (AI) Stocks are Hot, You Might Be Shocked to Find Out That These Underestimated Stocks Are Beating the Market",1,Technology
"Exxon’s Market Value Tops Tesla’s as Oil Rises, EV Sales Slow",1,Technology
Why the Fed risks relearning the painful inflation lessons of the 1970s,2,Financial Assets
The best credit card picks for April 2024,2,Financial Assets
"Tech earnings season is coming, and AI is top of mind",1,Technology
Casino Operator Stocks Q4 Earnings Review: Wynn Resorts (NASDAQ:WYNN) Shines,1,Technology
Bitcoin Halving Partially Priced In With No Big Rally Expected Afterward: Deutsche Bank,2,Financial Assets
"AI will change work, for better and worse",1,Technology
What the fresh march higher in oil means for world markets,2,Financial Assets
"Mortgage rates today, April 19, 2024: Rates up for third straight week",0,Venture Investment
"Iran Oil Sanctions May Be Added to Ukraine Package, Senator Says",0,Venture Investment
Q4 Earnings Highs And Lows: WideOpenWest (NYSE:WOW) Vs The Rest Of The Cable and Satellite Stocks,2,Financial Assets
"Arm Holdings Stock Has 45% Upside, According to 1 Wall Street Analyst",1,Technology
"Morning Bid: Eyes switch to earnings, China trade miss, tense Middle East",2,Financial Assets
Bitcoin Rebounds From Losses Sparked by Geopolitical Tension,2,Financial Assets
Oil settles down 3% as demand worries outweigh Middle East supply risks,2,Financial Assets
"AIA’s $100 Billion Stock Selloff Defies Bulls, Trading History",1,Technology
"Ford targets Tesla owners with $1,500 EV 'conquest' rebates",0,Venture Investment
24-hour stock trading: Here are the brokers with overnight trading,2,Financial Assets
Google seeks to monetize AI investments with AI security add-on for Workspace,0,Venture Investment
Santander Chairman Botin Sees Economy In ‘Super-Soft Landing’,0,Venture Investment
Chile Central Bank Sees Moderate Inflation Impact From Peso,0,Venture Investment
3 Top Artificial Intelligence Cryptocurrencies,1,Technology
VistaJet Yearly Earnings Drop as Private Jet Firm’s Debt Pile Grows,2,Financial Assets
Netflix Crushed Subscriber Estimates. Why Is the Stock Down?,1,Technology
Why Virgin Galactic Stock Just Crashed 16.5%,1,Technology
How to determine your tax withholding to avoid surprises next filing season,1,Technology
"3M Stock Has 20% Upside, According to 1 Wall Street Analyst",1,Technology
Goldman Sachs profit beats as investment banking fuels highest earnings since 2021,2,Financial Assets
"Ether, Altcoins Remain Under Pressure Following Volatile Weekend",0,Venture Investment
This Billionaire Warren Buffett Disciple Has 70% of His American Portfolio in Just 2 Stocks,1,Technology
Varo Believe Card review: Build credit with 0% APR and no fees,2,Financial Assets
"Stablecoin Tether gets boost as dollar alternative in emerging markets, CEO says",2,Financial Assets
Q4 Earnings Highs And Lows: Vital Farms (NASDAQ:VITL) Vs The Rest Of The Perishable Food Stocks,2,Financial Assets
"Tesla asks shareholders to reinstate Musk's $56 billion pay package, approve move to Texas",1,Technology
"The Protocol: Bitcoin Halving Spectacular, With Runes, 'Epic Sat,' Stacks Nakamoto",2,Financial Assets
IMF Boss Says ‘All Eyes’ on US Amid Risks to Global Economy,2,Financial Assets
Bitcoin Miners Face Pressure in Norway as New Legislation for Data Centers Implemented,1,Technology
Unpacking Q4 Earnings: Leggett & Platt (NYSE:LEG) In The Context Of Other Home Furnishings Stocks,1,Technology
Why Hims & Hers Stock Was Down This Week,1,Technology
Bitcoin’s latest crash shows crypto is no haven during wartime,1,Technology
Your home inspection checklist: What to expect on inspection day,0,Venture Investment
Why Redfin Stock Was Plummeting This Week,1,Technology
Wall Street 'fear gauge' flashes as volatility dogs US stocks,0,Venture Investment
"The Bitcoin Halving Is Here, and With It a Giant Surge in Transaction Fees",1,Technology
"US economic activity expanded slightly in recent weeks, Fed says",0,Venture Investment
"AMD Has 30% Upside, According to This Wall Street Analyst",1,Technology
"5 key issues that must be addressed on Tesla's upcoming analyst call for the stock to avoid even 'darker days,' Wedbush says",1,Technology
"Super Micro Computer stock crashes 23%, drags down AI darling Nvidia after it doesn't preannounce earnings",1,Technology
Telegram’s Durov advocates for crypto-like privacy tools,2,Financial Assets
Escalating Middle East tensions a fresh jolt to world markets,2,Financial Assets
"Taiwan Semiconductor Manufacturing Stock Has 21% Upside, According to 1 Wall Street Analyst",1,Technology
Q4 Earnings Outperformers: PENN Entertainment (NASDAQ:PENN) And The Rest Of The Casino Operator Stocks,1,Technology
This week in Bidenomics: A Middle East breather,1,Technology
Q4 Earnings Highs And Lows: Sprouts (NASDAQ:SFM) Vs The Rest Of The Non-Discretionary Retail Stocks,2,Financial Assets
Big bank profits likely fell in first quarter but investors don't seem worried,0,Venture Investment
Unrelenting interest income pressure weighs down PNC's earnings,2,Financial Assets
What Is Bitcoin Meant to Hedge?,2,Financial Assets
Bitcoin Dips Below $62.5K as CoinDesk's BTC Trend Indicator Turns Neutral,2,Financial Assets
Biden’s twin adversaries: Iran and gas prices,1,Technology
AI will reshape the business world — here's where it's hitting first: Chart of the Week,1,Technology
Stock market today: S&P 500 slides for 5th straight day,1,Technology
"Stock market today: Tech leads stock slide, Nvidia falls almost 4%",1,Technology
"Geopolitical Tensions Weigh On Asia And Europe Markets, Gold Trades Near $2,400 - Global Markets Today While US Slept",0,Venture Investment
Donald Trump's $5.7 Million Crypto Portfolio: How Many Cryptocurrencies Does Trump Own?,0,Venture Investment
Q4 Earnings Roundup: Zuora (NYSE:ZUO) And The Rest Of The Finance and HR Software Segment,2,Financial Assets
Why Meta Platforms Stock Flopped on Friday,1,Technology
Lindner Says Germany Should Avoid Copying US IRA as It Doesn’t Reduce Inflation,0,Venture Investment
Why Autodesk Stock Slipped This Week,1,Technology
US reimposes oil sanctions on Venezuela as hopes for a fair presidential election fades,2,Financial Assets
These 3 Artificial Intelligence (AI) Cryptos Are Rocketing Higher Today,1,Technology
"Kraken Launches Open-Source, Self-Custodial Crypto Wallet",1,Technology
FreightTech Friday: Gartner critiques real-time-visibility market players,2,Financial Assets
Why employers should (and have to) hire older workers,0,Venture Investment
Analyst reviews Palantir stock price target ahead of earnings,1,Technology
"Mortgage rates today, April 10, 2024: Don’t hold out for lower rates",0,Venture Investment
The Fed's deadline for rate cuts this year is sooner than you think: Morning Brief,0,Venture Investment
Analysts revamp Diamondback Energy's stock price target ahead of earnings,1,Technology
A Look Back at Media Stocks' Q4 Earnings: Warner Bros. Discovery (NASDAQ:WBD) Vs The Rest Of The Pack,2,Financial Assets
Franklin Templeton: Runes Could Help Bitcoin Bridge the Gap in the Fungible Token Market,2,Financial Assets
First Mover Americas: Bitcoin Price Bounces as Halving Nears,2,Financial Assets
Amazon Store Card review: Rewards and financing for Amazon-only spending,2,Financial Assets
Larry Fink lashes out at BlackRock's political critics: They 'continuously lie',2,Financial Assets
'Crowded' megacap trade in US stocks awaits earnings test,2,Financial Assets
Netflix shocks market with plan to stop reporting subscribers once growth wave from password-sharing crackdown is over,1,Technology
A Once-in-a-Generation Investment Opportunity: 1 Artificial Intelligence (AI) Growth Stock to Buy Hand Over Fist,1,Technology
"Bitcoin 'halving' has taken place, CoinGecko says",0,Venture Investment
Australian Miner Stocks Trail Global Peers as Iron Ore Drags,0,Venture Investment
Bitcoin's Halving Is Here. Is It a Buy Now?,1,Technology
"The retirement gender gap is so large, women have less savings in the best markets than men do in the worst",1,Technology
Bitcoin halving: What it is and how the price of the world’s biggest crypto may be affected,2,Financial Assets
Powell says taking 'longer than expected' for inflation to reach Fed's 2% target,0,Venture Investment
Unpacking Q4 Earnings: MasterCraft (NASDAQ:MCFT) In The Context Of Other Leisure Products Stocks,1,Technology
First Mover Americas: Hong Kong Spot Bitcoin ETF Applicants Claim Approval,2,Financial Assets
Chase Sapphire Preferred review: A standout travel card with impressive perks,2,Financial Assets
"The economy might be booming, but housing is in a recession: Top real estate CEO says he’s never seen anything like it in 20 years",2,Financial Assets
"Stock market today: S&P 500 falls back under 5,100 as Big Tech leads stock slide",1,Technology
"New tariffs on Chinese metals won't impact inflation, White House says",0,Venture Investment
"IMF Lifts Growth Forecast for Global Economy, Warns of Risks",2,Financial Assets
Why VinFast Auto Stock Collapsed This Week,1,Technology
"Stocks decline as interest rate uncertainty, earnings weigh",0,Venture Investment
"Runes, Casey Rodarmor's Protocol for 'Sh!tcoins' on Bitcoin, Set to Go Live at Halving",2,Financial Assets
New York Fed Says Quantitative Tightening Could Stop in 2025,0,Venture Investment
"Trump Media & Technology Group Allege Naked Short Selling, Seek Nasdaq's Intervention (Update-2)",0,Venture Investment
Q4 Earnings Highs And Lows: Booking (NASDAQ:BKNG) Vs The Rest Of The Consumer Internet Stocks,2,Financial Assets
Wall Street says a Wall Street revival is finally here,0,Venture Investment
"Here's How Much $1,000 In Bitcoin Will Be Worth In 2025 If Raoul Pal's Prediction Is Correct",1,Technology
Global iPhone shipments drop nearly 10% as Apple's 2024 woes continue,1,Technology
Trump Media flags Nasdaq on possible short-selling of shares,0,Venture Investment
Leafhopper Swarms Threaten Argentina Crops and Economic Recovery,0,Venture Investment
"Worldcoin, Sam Altman's Crypto Project, Is Building a Layer-2 Chain",2,Financial Assets
Indian Tech Earnings May Show Worst Is Over for Showpiece Sector,2,Financial Assets
"Wall St closes lower; gold climbs amid economic, geopolitical crosswinds",0,Venture Investment
Q4 Earnings Highlights: Sirius XM (NASDAQ:SIRI) Vs The Rest Of The Cable and Satellite Stocks,2,Financial Assets
Tax day is here. See what you need to know to file before the deadline.,2,Financial Assets
Fed to cut rates in September and maybe once more this year,0,Venture Investment
Cathie Wood buys $14 million of Tesla stock,1,Technology
Oil settles slightly higher as Iran plays down reported Israeli attack,2,Financial Assets
Taylor Swift's name is popping up on Wall Street earnings calls thanks to her massive impact on the US economy,2,Financial Assets
Rent the Runway Jumps a Record 162% After Earnings Beat,2,Financial Assets
Stock market today: Tumbling tech stocks drag Wall Street to the finish line of another losing week,1,Technology
UnitedHealth hack looms over first-quarter earnings report,1,Technology
Homebuilder stocks slide as high mortgage rates stifle April confidence reading,0,Venture Investment
DeFi Firm Usual Labs Raises $7M Round Led by Kraken Ventures and IOSG Ventures,2,Financial Assets
Why big Medicare Advantage insurers may root for Biden to lose in 2024,1,Technology
Are Rates High Enough? Fed Resets Clock on Interest-Rate Cuts,0,Venture Investment
What To Expect From Netflix’s (NFLX) Q1 Earnings,1,Technology
"Prepare for bitcoin to fall after the long-awaited halving, JPMorgan says",2,Financial Assets
"AI, Yen Are Among Hotspots to Watch in Asia This Earnings Season",1,Technology
Live Nation stock tumbles on report of antitrust probe,1,Technology
Apple’s Services business is a bright spot in the company’s rough 2024: BofA,2,Financial Assets
Capital One Walmart Rewards Mastercard review: Earn up to 5% cash back when shopping at Walmart,2,Financial Assets
Spot Bitcoin ETF Flows Fall Again as Halving Nears,2,Financial Assets
"1 Top Cryptocurrency to Buy Before It Soars 5,000%, According to Cathie Wood",1,Technology
"Don't buy the dip in stocks just yet as a wave of selling is about to bring the market to a bottom, according to one of the biggest bulls on Wall Street",1,Technology
America’s Cigarette Market Is Up for Grabs,2,Financial Assets
"Fed to cut US rates 'at some point,' but no hurry, Mester says",0,Venture Investment
How to know when to sell a stock for a profit — or a loss,1,Technology
Specialty Retail Stocks Q4 Earnings Review: National Vision (NASDAQ:EYE) Shines,2,Financial Assets
3 Reasons to Buy Enterprise Product Parters (EPD) Stock Like There's No Tomorrow,1,Technology
High interest rates are getting more challenging for even the biggest banks,0,Venture Investment
A crypto wallet maker's warning about an iMessage bug sounds like a false alarm,1,Technology
Jamie Dimon says he feels tremendous pressure to guard over the economy and make society better,0,Venture Investment
"World economy to skirt recession but growth too low, German government sources say",2,Financial Assets
Advancing Crypto ETFs With Precision Data Management,1,Technology
Trump Media stock jumps for second day as company goes to battle with short sellers,0,Venture Investment
"Some Hedge Funds Too Big to Fail for Bond Market, IMF Says",0,Venture Investment
What If Fed Rate Hikes Are Actually Sparking US Economic Boom?,0,Venture Investment
"US regulators mulling bid to limit bonuses for Wall Street execs, WSJ reports",2,Financial Assets
IMF's Georgieva says there's 'plenty to worry about' despite recovery for many economies,2,Financial Assets
"Q4 Earnings Highlights: VF Corp (NYSE:VFC) Vs The Rest Of The Apparel, Accessories and Luxury Goods Stocks",2,Financial Assets
"UFC star Renato Moicano looks to Bitcoin as defense against 'tyrant state,' inflation",2,Financial Assets
Oil Holds Steady Amid Wait for Israel’s Response to Iran Attack,2,Financial Assets
Adidas and STEPN unveil NFT sneaker collaboration,0,Venture Investment
"Norway Wants to Restrict Crypto Mining by Regulating Data Centers, Lawmakers Say: Report",1,Technology
Traders Pile Into Contrarian Bet That Fed Will Front-Run Cuts,2,Financial Assets
"Mortgage rates today, April 17, 2024: A strong jobs market leads to higher rates",0,Venture Investment
Reflecting On Video Gaming Stocks’ Q4 Earnings: Skillz (NYSE:SKLZ),1,Technology
This week in Bidenomics: Battle of the bridges,1,Technology
"Inflation: Grocery prices reaccelerate, now 25% higher than pre-pandemic",2,Financial Assets
"Higher oil prices, shipping disruptions create a double-edged sword for retailers",2,Financial Assets
Unpacking Q4 Earnings: Lam Research (NASDAQ:LRCX) In The Context Of Other Semiconductor Manufacturing Stocks,1,Technology
Crypto.com Hiring Again as Digital-Asset Employment Revives,0,Venture Investment
Best credit cards for home improvement for April 2024,2,Financial Assets
New Balance CEO details the 'next big revolution' in sneakers,0,Venture Investment
"Bitcoin Could Surge to $120K on 'Doomsday Rally,' Trader Says",2,Financial Assets
Netflix upgraded and downgraded: Wall Street's top analyst calls,0,Venture Investment
2 No-Brainer Vanguard ETFs to Buy With $750 During the Stock Market Sell-Off,1,Technology
Q4 Earnings Roundup: Mattel (NASDAQ:MAT) And The Rest Of The Toys and Electronics Segment,2,Financial Assets
Muni Funds Lose Most Cash Since 2022 With Fed Delaying Cuts,1,Technology
"US dollar gains after strong data, Fed comments on rate cuts",0,Venture Investment
"Chime review 2024: Accounts, rates, fees, and more",2,Financial Assets
What To Expect From Inspired Entertainment’s (INSE) Q4 Earnings,2,Financial Assets
Protecting Crypto Users Is More Important Than Faster UK Registration: FCA Executive,1,Technology
Finance and HR Software Q4 Earnings: Marqeta (NASDAQ:MQ) Simply the Best,2,Financial Assets
Is Toronto-Dominion the Best Dividend Stock for You?,1,Technology
"Paramount stock soars as Wall Street sees possible Sony, Apollo buyout as 'positive' for all shareholders",1,Technology
2 Fed officials offer reassurances about cuts in 2024 despite 'bumps' and 'uncertainties',0,Venture Investment
Where Will Bitcoin Be in 5 Years?,1,Technology
Should You Buy This Unstoppable Growth Stock and Hold Forever?,1,Technology
Global Funds Sell Most Taiwan Stocks Since 2021 Amid TSMC Slump,1,Technology
"CHIPS Act money is starting to move, but it’ll take years to see results",0,Venture Investment
‘It Can Be Said With Confidence the SEC Is Investigating Ethereum’: Consensys’ Bill Hughes Talks Crypto Law,0,Venture Investment
Bailey Hints BOE May Be Able to Cut Rates Before Fed,0,Venture Investment
"Crypto Markets Will Be Driven by Macro Factors Following the Halving, Coinbase Says",1,Technology
What is a bump-up CD?,0,Venture Investment
Q4 Earnings Roundup: TEGNA (NYSE:TGNA) And The Rest Of The Broadcasting Segment,2,Financial Assets
TSMC Cuts Chip Market Outlook as Consumer Weakness Persists,2,Financial Assets
"Netflix stock sinks on disappointing revenue forecast, move to scrap membership metrics",2,Financial Assets
Fed's Bostic says he is not in a 'mad dash hurry' on rate cuts,0,Venture Investment
Goldman Cautions Against Extrapolating Previous Bitcoin Halving Cycles for Price Predictions,1,Technology
"Kraken Releases Own Crypto Wallet, Joining Competition With Coinbase, MetaMask",1,Technology
"Indian Man Pleads Guilty to Creating Spoofed Coinbase Website, Stealing $9.5M in Crypto",1,Technology
"Bitcoin Rally Holds Around $63,700 Following 4th Block Reward Halving",0,Venture Investment
Crypto Exchange VALR Obtains South African License,0,Venture Investment
Indonesia Ramps Up Steps to Shield Economy From Strong Dollar,2,Financial Assets
Bitcoin Miners Are Better Positioned for the Halving This Time Round: Benchmark,1,Technology
Cryptocurrency Investing Is a Psychological Game. Here Are the 3 Core Tricks to Winning,1,Technology
Wall Street Fires Up Deals for Preferred Shares With Fed on Hold,0,Venture Investment
Donald Trump Lost $1 Million In Crypto In The Last 7 Days: Will He Sell?,1,Technology
Bank of America profits drop as key lending revenue weakens,2,Financial Assets
Consumers are getting frustrated with stalling inflation,0,Venture Investment
PayPal ends NFT purchase protections,0,Venture Investment
Why Snap One Holdings Stock Was Crushing It This Week,1,Technology
Kashkari Says Fed Could ‘Potentially’ Hold Rates Steady All Year,0,Venture Investment
A Look Back at Online Marketplace Stocks' Q4 Earnings: eBay (NASDAQ:EBAY) Vs The Rest Of The Pack,2,Financial Assets
"Bitcoin Halving Is Not a Bullish Event, Says 10x Research Analyst",1,Technology
‘Mag Seven’ Get Crushed Before Next Week’s Results: Markets Wrap,1,Technology
"Tesla Stock Going Down to $115, According to 1 Wall Street Analyst",1,Technology
Reflecting On Semiconductor Manufacturing Stocks’ Q4 Earnings: Kulicke and Soffa (NASDAQ:KLIC),1,Technology
Bitcoin vs. Ethereum vs. Dogecoin: Top cryptocurrencies compared,0,Venture Investment
The real estate sector’s unique view of 2024 — and what’s to come,2,Financial Assets
Jay Powell is trying to avoid the fate of a 1970s predecessor. Biden and Trump are making that harder.,0,Venture Investment
Why Altcoins Were Struggling to Tread Water on Monday,0,Venture Investment
"Bitcoin Billionaire Predicts $250,000 BTC Price By End Of Year — Is It Possible?",0,Venture Investment
BofA Strategists Say Rates Jitters Are Fueling Stock Outflows,0,Venture Investment
Q4 Earnings Highs And Lows: Asana (NYSE:ASAN) Vs The Rest Of The Project Management Software Stocks,2,Financial Assets
National average money market account rates for April 2024,2,Financial Assets
Why Semiconductor Stocks Were Smacked Down Today,1,Technology
Q4 Earnings Roundup: DigitalOcean (NYSE:DOCN) And The Rest Of The Data Storage Segment,2,Financial Assets
Analyst revises Hasbro stock price on outlook for 'Magic: The Gathering',1,Technology
"Understanding Netflix, Disney Market Maneuvers: Decoding The Streaming Strategy",2,Financial Assets
"Caterpillar Stock Has 22% Upside, According to 1 Wall Street Analyst",1,Technology
Could Arm Holdings Stock Help You Become a Millionaire?,1,Technology
"UK Lawmakers Call for Govt to Develop Crypto, Blockchain Skills Pipeline",0,Venture Investment
Where Will Palantir's Soaring Stock Be in 10 Years?,1,Technology
Treasury Rally Stalls as Economic Concerns Overtake Haven Demand,0,Venture Investment
BlackRock And Coinbase Explain Importance Of Bitcoin Halving In New Ad Campaigns,1,Technology
"Fed could keep monetary policy tight for longer if needed, Jefferson says",0,Venture Investment
A Look Back at Leisure Products Stocks' Q4 Earnings: Harley-Davidson (NYSE:HOG) Vs The Rest Of The Pack,2,Financial Assets
Gibson Bets on Permian Strength Powering US Oil Exports Growth,2,Financial Assets
Trump Media stock sinks after company announces plans to launch live TV streaming platform,1,Technology
Biden uses new speech to argue Trump's tax plans are a political liability,1,Technology
Reflecting On Gig Economy Stocks’ Q4 Earnings: Lyft (NASDAQ:LYFT),2,Financial Assets
'The clock has struck midnight' for Tesla and Elon Musk,1,Technology
Wall Street surge lifts Morgan Stanley and new CEO Ted Pick,0,Venture Investment
"Down 58% From Its High, Could Riot Platforms Stock Get Help From the Bitcoin Halving?",1,Technology
"Small Group Of Hedge Funds Wields Dominance In US Treasury Market: 'A Concentration Of Vulnerability Has Built Up,' IMF Warns",0,Venture Investment
Fed's Goolsbee: 'It makes sense to wait' before cutting rates,0,Venture Investment
"Bitcoin halving event looms, market volatility spikes",0,Venture Investment
"Bitcoin Halving Seen Mostly Priced In by JPMorgan, Deutsche Bank",1,Technology
Toyota debuts all-new 4Runner SUV with hybrid powertrain,0,Venture Investment
Money market account vs. money market fund: What's the difference?,1,Technology
"Why Dogecoin, Solana, and Polygon Plunged This Week",1,Technology
Trump Media stock rebounds 47% after brutal post-IPO sell-off,1,Technology
'DePIN' Is Venture Capitalists' Latest Crypto Obsession. Can It Match the Hype?,1,Technology
Unpacking Q4 Earnings: Flowers Foods (NYSE:FLO) In The Context Of Other Perishable Food Stocks,1,Technology
"Bored Ape NFT Prices Tank to August 2022 Levels, Down 90% From Peak",2,Financial Assets
Time to Pounce: 2 Superb Utility Stocks That Haven't Been This Cheap in at Least 10 Years,1,Technology
Powell Signals Rate-Cut Delay After Run of Inflation Surprises,0,Venture Investment
Billionaire Bill Gates Is Betting $7.1 Billion on This 1 Famous Stock,2,Financial Assets
New study calculates climate change's economic bite will hit about $38 trillion a year by 2049,0,Venture Investment
"Earnings from more banks, Netflix, and retail sales: What to know this week",1,Technology
Here's What's Happening in Markets: April 19,2,Financial Assets
Retail sales topped Wall Street estimates in March,1,Technology
KKR is entrusting its multibillion-dollar green transition to the former CEO of oil-guzzling giant Shell,2,Financial Assets
Oil Traders Wager on $250 Price by June as War Risk Escalates,2,Financial Assets
Bank of America CEO Brian Moynihan thinks Wall Street is Fed watching way too much: ‘They don’t have the power to decide what the facts are’,0,Venture Investment
Currency Traders Turn to Options Market for Geopolitical Havens,2,Financial Assets
"Investors pull money from cash to pay tax bills, sell US stocks - BofA",1,Technology
Oil holds near 3-week low as US sanctions interrupt easing tensions,0,Venture Investment
"Jerome Powell pumped the brakes on rate cuts, but Goldman still eyes a soft landing because of the strong job market",0,Venture Investment
Fed Says Persistent Inflation Is Seen as Top Financial Risk,2,Financial Assets
Bitcoin’s Outperformance Means Some of Expected Post-Halving Rally May Have Come Early: JPMorgan,2,Financial Assets
Bearish Flip in Crypto Crowd Sentiment Hints at Coming Bitcoin Price Bounce,2,Financial Assets
"Fed says 1,804 banks and other institutions tapped emergency lending facility",2,Financial Assets
"Mortgage rates today, April 12, 2024: 30-year rates increase for the 3rd straight week",0,Venture Investment
Traders Are Cashing Out of Markets En Masse,2,Financial Assets
Former SEC crypto leader spars with blockchain lawyers over her agency’s controversial approach: ‘It’s not going to back off’,2,Financial Assets
"DeFi’s Path to Mass Adoption Goes Through Fintech Firms, Centralized Exchanges, Morpho Labs Chief Says",0,Venture Investment
Oil Ekes Out Gain After Iran’s Muted Response to Israel Strike,2,Financial Assets
"Delivery Firm Getir, Once Valued at $12 Billion, Weighs Sales and Market Exits",2,Financial Assets
Biden’s Hot Economy Stokes Currency Fears for the Rest of World,2,Financial Assets
12 questions to ask when buying a house,1,Technology
Housing inflation still sticky in March: 'Little progress over the past nine months',0,Venture Investment
OG Bitcoin L2 Stacks Is Getting a Major Overhaul,0,Venture Investment
IPO Edge’s Jannarone on Cheddar TV: Ibotta IPO and Bootcamp at Nasdaq,0,Venture Investment
Stock market today: Dow loses nearly 500 points as inflation woes meet an uneasy earnings start,1,Technology
"Amazon Stock Has 30% Upside, According to 1 Wall Street Analyst. Is the Stock a Buy Near Its All-Time High?",1,Technology
4 Proven Strategies to Develop Diamond Hands While Investing in Cryptocurrencies,1,Technology
"Stocks Edge Higher As Earnings Provide Support, Tesla Sinks To 15-Month Lows, Bitcoin Rebounds: What's Driving Markets Thursday?",2,Financial Assets
A Look Back at Specialty Retail Stocks' Q4 Earnings: Bath and Body Works (NYSE:BBWI) Vs The Rest Of The Pack,2,Financial Assets
"Holding 0.001 Bitcoin Could Make You A Multimillionaire, According To Fidelity Director",0,Venture Investment
"Spot Bitcoin ETF Hype Dies Down, Normalcy Sets In",0,Venture Investment
S&P Joins Moody’s in Downgrading Israel on Geopolitical Risk,2,Financial Assets
Is Dogecoin a Millionaire Maker?,1,Technology
Citi Says Wall Street Is Wrong to Slash Fed Rate-Cut Bets,0,Venture Investment
A top Federal Reserve official opens door to keeping rates high for longer,0,Venture Investment
"The Fed’s probably going to hold rates steady for longer than expected. But even when that awaited rate cut comes, it may not be all that cathartic",0,Venture Investment
Investors increasingly expect 'no landing' for US economy,0,Venture Investment
Here's the math keeping housing inventory so low,2,Financial Assets
1 Stock I Wouldn't Touch With a 10-Foot Pole,1,Technology
A Look Back at Semiconductor Manufacturing Stocks' Q1 Earnings: Semtech (NASDAQ:SMTC) Vs The Rest Of The Pack,2,Financial Assets
US cities’ mansion taxes see mixed results,0,Venture Investment
Celebrity Cruises Visa Signature review: Earn points and discounts towards your next voyage,2,Financial Assets
"Jetsons-like travel in air taxis is 'as close as we've seen,' Joby's chief product officer says",0,Venture Investment
Mortgage rates top 7% following hotter-than-expected inflation numbers,0,Venture Investment
"Connexus Credit Union review 2024: Accounts, rates, fees, and more",2,Financial Assets
Why Nvidia's stock sell-off matters and what people are saying about it,1,Technology
"1 Red-Hot Cryptocurrency to Buy Now. It Could Soar 525% to 5,800%, According to Certain Wall Street Analysts.",1,Technology
IMF Latest: Brazil’s Haddad Sees Global Market Repricing on Fed,0,Venture Investment
You Might Be Surprised By the 2 Cryptos That Billionaire Mark Cuban Is Buying for His Portfolio,1,Technology
Q4 Semiconductor Manufacturing Earnings: Nova (NASDAQ:NVMI) Earns Top Marks,2,Financial Assets
2 Top Artificial Intelligence (AI) Stocks to Buy in April,1,Technology
JPMorgan Opens Spigot Big Bank Bond Sales After Earnings,2,Financial Assets
Stock market today: S&P 500 falls for 6th day in a row amid weakness in mega-cap tech,1,Technology
"Oil will top out at $95 a barrel going into summer months, says BofA analyst",2,Financial Assets
"Bitcoin Miner CEOs Are Upbeat Ahead of the Halving, Expect M&A: Bernstein",1,Technology
JPMorgan Strategists Say Earnings Unlikely to Boost Lofty Stocks,0,Venture Investment
How to save on travel with a Costco credit card,2,Financial Assets
Oil Tests Central Banker Nerves With Mideast on ‘Knife Edge’,2,Financial Assets
Analog Semiconductors Q4 Earnings: Himax (NASDAQ:HIMX) Simply the Best,2,Financial Assets
Q4 Earnings Outperformers: HashiCorp (NASDAQ:HCP) And The Rest Of The Software Development Stocks,2,Financial Assets
Exploding Gold Sales at Pawnshops Offers Lesson for Bitcoin Bulls,2,Financial Assets
Bitcoin Will Power the Next DeFi Summer,2,Financial Assets
"Lacking access to mainland Chinese investors, Hong Kong’s crypto ETFs will be ‘nickels and dimes’ compared with U.S. versions",0,Venture Investment
Q4 Earnings Roundup: Pilgrim's Pride (NASDAQ:PPC) And The Rest Of The Perishable Food Segment,2,Financial Assets
Trump Media stock tanks on move to issue millions of shares,0,Venture Investment
"Tesla layoffs an 'ominous sign' for the company, analyst says",0,Venture Investment
"Wall Street's 'fear gauge' touches over 5-month high amid rate cut, Mideast worries",0,Venture Investment
"Stocks Grapple With Geopolitical Pressures, Gold Eyes $2,400, Bitcoin Falls Below $62,000: What's Driving Markets Tuesday?",2,Financial Assets
Got $500? 3 Healthcare Stocks to Buy and Hold Forever,1,Technology
"10-Year-Old Dogecoin Wallet Sold 5 Million DOGE, Missed Out On Millions In Profit",0,Venture Investment
2 Reliable Dividend Stocks to Buy Hand Over Fist and 1 to Avoid,1,Technology
Biden Limits Oil Drilling Across Alaska’s Petroleum Reserve,2,Financial Assets
Learning From Losses: Charles Harris's Lessons From Making (And Losing) Seven Figures On Tesla Stock,1,Technology
"Got $5,000? 3 Tech Stocks to Buy and Hold for the Long Term.",1,Technology
Q4 Earnings Recap: Okta (NASDAQ:OKTA) Tops Cybersecurity Stocks,1,Technology
U.S. Bank mortgage review 2024,2,Financial Assets
Yellen says US working to mitigate risks to global economy,2,Financial Assets
Google Searches for 'Bitcoin Halving' Get Higher Than 4/20,1,Technology
Best Amex credit cards for April 2024,2,Financial Assets
BPI’s Bill Nelson Sees Fed Pushing Reserves Below Resistance Point,1,Technology
"Buy Bitcoin Miners' Stocks Ahead of the Halving, Bernstein Says",1,Technology
Q4 Gaming Solutions Earnings: Rush Street Interactive (NYSE:RSI) Impresses,1,Technology
"Fed Chair Powell ‘backed himself into a corner’ by predicting rate cuts this year and is now in a ‘tricky situation,’ according to this chief investment officer",0,Venture Investment
"Bitcoin Briefly Falls Below $60,000 Ahead of Halving Software Adjustment",2,Financial Assets
"Kraken Is Buying TradeStation Crypto, Expanding Cryptocurrency Exchange's U.S. Reach",0,Venture Investment
